                  epoch,             train/loss,  metrics/accuracy_top1,  metrics/accuracy_top5,               val/loss,                 lr/pg0,                 lr/pg1,                 lr/pg2
                      1,                 1.2588,                0.70183,                      1,                 1.1908,             0.00023382,             0.00023382,             0.00023382
                      2,                 0.7353,                0.87156,                      1,                 0.9821,              0.0003784,              0.0003784,              0.0003784
                      3,                0.43629,                0.93119,                      1,                 0.8611,             0.00042873,             0.00042873,             0.00042873
                      4,                 0.3207,                0.95872,                      1,                0.82863,             0.00028988,             0.00028988,             0.00028988
                      5,                0.31334,                0.94954,                      1,                0.81276,             0.00028988,             0.00028988,             0.00028988
